<?xml version="1.0" encoding="utf-8" standalone="yes" ?>

<installation version="1.0">

  <properties>
    <property name="info.appName" value="texparserapp"/>
    <property name="info.url" value="http://www.dickimaw-books.com/apps/texparser/"/>
    <property name="project.version" value="0.1a" />
  </properties>

    <info>
        <appname>@{info.appName}</appname>
        <appversion>@{project.version}</appversion>
        <authors>
            <author name="Nicola L. C. Talbot" email="n.talbot@uea.ac.uk"/>
        </authors>
        <url>@{info.url}</url>
        <javaversion>1.7</javaversion>
    </info>

    <guiprefs width="640" height="480" resizable="yes">
     <splash>lib/texparser-splash.png</splash>
    </guiprefs>

   <variables>
        <variable name="DesktopShortcutCheckboxEnabled" value="true"/>
   </variables> 

    <locale>
        <langpack iso3="eng"/>
    </locale>

    <resources>
        <res id="LicencePanel.licence" src="doc/LICENSE"/>
        <res id="InfoPanel.info" src="doc/README"/>
        <res id="shortcutSpec.xml" src="installer/shortcutSpec.xml"/>
        <res id="Unix_shortcutSpec.xml" src="installer/unix_shortcutSpec.xml"/>
    </resources>

    <panels>
        <panel classname="HelloPanel"/>
        <panel classname="InfoPanel"/>
        <panel classname="LicencePanel"/>
        <panel classname="TargetPanel"/>
        <panel classname="PacksPanel"/>
        <panel classname="InstallPanel"/>
        <panel classname="ShortcutPanel"/>
        <panel classname="FinishPanel"/>
    </panels>

    <packs>
        <pack name="Base" required="yes">
            <description>The base files</description>
            <file src="doc/README" targetdir="$INSTALL_PATH"/>
            <file src="doc/LICENSE" targetdir="$INSTALL_PATH"/>
            <file src="lib" targetdir="$INSTALL_PATH"/>
            <fileset dir="bin" excludes="**/*.bat"
              targetdir="$INSTALL_PATH/bin"
              />
            <executable targetfile="$INSTALL_PATH/bin/@{info.appName}"
            stage="never"/>
            <file src="bin/@{info.appName}.bat" targetdir="$INSTALL_PATH/bin">
              <os family="windows"/>
            </file>
        </pack>
        <pack name="Docs" required="no" preselected="yes">
            <description>The documentation</description>
            <fileset dir="doc" includes="**/*.pdf" targetdir="$INSTALL_PATH/doc"/>
        </pack>
    </packs>


     <native type="izpack" name="ShellLink.dll"/>
     <native type="izpack" name="ShellLink_x64.dll"/>

</installation>

